filename,width,height,class,xmin,ymin,xmax,ymax
face1.jpg,247,204,face,52,1,182,183
face10.jpg,294,235,face,80,31,177,170
face100.jpg,445,666,face,192,108,279,226
face101.jpg,444,666,face,179,113,292,247
face102.jpg,447,666,face,210,240,264,307
face103.jpg,443,666,face,149,172,208,252
face104.jpg,444,666,face,149,71,269,231
face105.jpg,444,666,face,161,98,290,259
face106.jpg,444,666,face,210,40,302,153
face107.jpg,729,486,face,376,63,483,207
face108.jpg,729,479,face,272,62,318,126
face108.jpg,729,479,face,434,70,481,136
face109.jpg,729,487,face,280,65,397,238
face11.jpg,300,168,face,125,33,160,75
face110.jpg,533,666,face,209,132,296,238
face111.jpg,444,666,face,188,192,261,282
face112.jpg,444,666,face,179,72,277,217
face113.jpg,431,665,face,151,194,211,265
face114.jpg,445,665,face,105,85,240,233
face115.jpg,533,666,face,182,223,333,431
face116.jpg,445,666,face,166,108,256,228
face117.jpg,444,666,face,151,111,267,249
face118.jpg,447,666,face,181,240,237,308
face119.jpg,443,666,face,232,171,294,252
face12.jpg,1900,1520,face,748,536,986,881
face12.jpg,1900,1520,face,993,585,1236,855
face12.jpg,1900,1520,face,1323,328,1694,838
face120.jpg,444,666,face,182,72,297,231
face121.jpg,444,666,face,161,99,284,259
face122.jpg,444,666,face,137,41,226,154
face123.jpg,729,486,face,254,61,349,209
face124.jpg,729,479,face,248,71,294,135
face124.jpg,729,479,face,411,63,459,127
face125.jpg,729,487,face,333,66,452,240
face126.jpg,533,666,face,235,129,322,237
face95.jpg,444,666,face,178,193,254,281
face96.jpg,444,666,face,170,74,262,216
face97.jpg,431,665,face,222,192,279,264
face13.jpg,198,254,face,40,62,150,225
face98.jpg,445,665,face,200,82,343,232
face99.jpg,533,666,face,199,226,352,427
face100.jpg,445,666,face,192,108,279,226
face101.jpg,444,666,face,179,113,292,247
face102.jpg,447,666,face,210,240,264,307
face103.jpg,443,666,face,149,172,208,252
face104.jpg,444,666,face,149,71,269,231
face105.jpg,444,666,face,161,98,290,259
face106.jpg,444,666,face,210,40,302,153
face107.jpg,729,486,face,376,63,483,207
face14.jpg,275,183,face,100,48,172,139
face108.jpg,729,479,face,272,62,318,126
face108.jpg,729,479,face,434,70,481,136
face109.jpg,729,487,face,280,65,397,238
face110.jpg,533,666,face,209,132,296,238
face111.jpg,444,666,face,188,192,261,282
face112.jpg,444,666,face,179,72,277,217
face113.jpg,431,665,face,151,194,211,265
face114.jpg,445,665,face,105,85,240,233
face115.jpg,533,666,face,182,223,333,431
face116.jpg,445,666,face,166,108,256,228
face117.jpg,444,666,face,151,111,267,249
face15.jpg,259,194,face,108,24,157,100
face118.jpg,447,666,face,181,240,237,308
face119.jpg,443,666,face,232,171,294,252
face120.jpg,444,666,face,182,72,297,231
face121.jpg,444,666,face,161,99,284,259
face122.jpg,444,666,face,137,41,226,154
face123.jpg,729,486,face,254,61,349,209
face124.jpg,729,479,face,248,71,294,135
face124.jpg,729,479,face,411,63,459,127
face125.jpg,729,487,face,333,66,452,240
face126.jpg,533,666,face,235,129,322,237
face95.jpg,444,666,face,178,193,254,281
face16.jpg,183,275,face,52,20,144,163
face96.jpg,444,666,face,170,74,262,216
face97.jpg,431,665,face,222,192,279,264
face98.jpg,445,665,face,200,82,343,232
face99.jpg,533,666,face,199,226,352,427
face100.jpg,445,666,face,192,108,279,226
face101.jpg,444,666,face,179,113,292,247
face102.jpg,447,666,face,210,240,264,307
face103.jpg,443,666,face,149,172,208,252
face104.jpg,444,666,face,149,71,269,231
face105.jpg,444,666,face,161,98,290,259
face17.jpg,300,168,face,120,19,175,99
face106.jpg,444,666,face,210,40,302,153
face107.jpg,729,486,face,376,63,483,207
face108.jpg,729,479,face,272,62,318,126
face108.jpg,729,479,face,434,70,481,136
face109.jpg,729,487,face,280,65,397,238
face110.jpg,533,666,face,209,132,296,238
face111.jpg,444,666,face,188,192,261,282
face112.jpg,444,666,face,179,72,277,217
face113.jpg,431,665,face,151,194,211,265
face114.jpg,445,665,face,105,85,240,233
face115.jpg,533,666,face,182,223,333,431
face18.jpg,275,183,face,108,34,163,116
face116.jpg,445,666,face,166,108,256,228
face117.jpg,444,666,face,151,111,267,249
face118.jpg,447,666,face,181,240,237,308
face119.jpg,443,666,face,232,171,294,252
face120.jpg,444,666,face,182,72,297,231
face121.jpg,444,666,face,161,99,284,259
face122.jpg,444,666,face,137,41,226,154
face123.jpg,729,486,face,254,61,349,209
face124.jpg,729,479,face,248,71,294,135
face124.jpg,729,479,face,411,63,459,127
face125.jpg,729,487,face,333,66,452,240
face19.jpg,224,225,face,78,34,159,137
face126.jpg,533,666,face,235,129,322,237
face191.jpg,729,490,face,374,98,515,279
face192.jpg,403,666,face,139,180,252,304
face193.jpg,443,666,face,265,263,311,307
face194.jpg,627,666,face,280,116,323,184
face195.jpg,729,483,face,348,164,451,249
face196.jpg,635,666,face,250,208,405,426
face197.jpg,444,666,face,204,180,259,248
face198.jpg,533,666,face,260,109,351,236
face199.jpg,445,666,face,207,76,257,144
face2.jpg,275,183,face,114,42,156,105
face20.jpg,375,399,face,133,192,266,369
face200.jpg,444,666,face,217,287,276,358
face201.jpg,729,486,face,241,115,317,197
face202.jpg,441,665,face,212,234,275,336
face203.jpg,729,486,face,494,76,594,217
face204.jpg,729,488,face,300,166,390,249
face205.jpg,729,484,face,206,115,450,411
face206.jpg,444,666,face,135,155,275,345
face207.jpg,729,490,face,215,100,355,275
face208.jpg,403,666,face,151,178,264,309
face209.jpg,443,666,face,130,264,181,308
face21.jpg,960,1280,face,246,254,577,759
face210.jpg,627,666,face,300,116,347,186
face211.jpg,729,483,face,279,165,380,253
face212.jpg,635,666,face,225,205,388,425
face213.jpg,444,666,face,184,177,241,249
face214.jpg,533,666,face,182,110,259,233
face215.jpg,445,666,face,184,76,237,143
face216.jpg,444,666,face,169,288,226,358
face217.jpg,729,486,face,413,113,489,196
face218.jpg,441,665,face,162,232,229,336
face219.jpg,729,486,face,132,72,235,219
face22.jpg,285,175,face,50,24,135,148
face220.jpg,729,488,face,340,157,424,249
face221.jpg,729,484,face,281,121,513,412
face222.jpg,444,666,face,166,155,308,344
face191.jpg,729,490,face,374,98,515,279
face192.jpg,403,666,face,139,180,252,304
face193.jpg,443,666,face,265,263,311,307
face194.jpg,627,666,face,280,116,323,184
face195.jpg,729,483,face,348,164,451,249
face196.jpg,635,666,face,250,208,405,426
face197.jpg,444,666,face,204,180,259,248
face23.jpg,635,445,face,217,193,324,319
face198.jpg,533,666,face,260,109,351,236
face199.jpg,445,666,face,207,76,257,144
face200.jpg,444,666,face,217,287,276,358
face201.jpg,729,486,face,241,115,317,197
face202.jpg,441,665,face,212,234,275,336
face203.jpg,729,486,face,494,76,594,217
face204.jpg,729,488,face,300,166,390,249
face205.jpg,729,484,face,206,115,450,411
face206.jpg,444,666,face,135,155,275,345
face207.jpg,729,490,face,215,100,355,275
face24.jpg,259,194,face,105,54,164,146
face208.jpg,403,666,face,151,178,264,309
face209.jpg,443,666,face,130,264,181,308
face210.jpg,627,666,face,300,116,347,186
face211.jpg,729,483,face,279,165,380,253
face212.jpg,635,666,face,225,205,388,425
face213.jpg,444,666,face,184,177,241,249
face214.jpg,533,666,face,182,110,259,233
face215.jpg,445,666,face,184,76,237,143
face216.jpg,444,666,face,169,288,226,358
face217.jpg,729,486,face,413,113,489,196
face25.jpg,618,410,face,136,64,328,272
face218.jpg,441,665,face,162,232,229,336
face219.jpg,729,486,face,132,72,235,219
face220.jpg,729,488,face,340,157,424,249
face221.jpg,729,484,face,281,121,513,412
face222.jpg,444,666,face,166,155,308,344
face191.jpg,729,490,face,374,98,515,279
face192.jpg,403,666,face,139,180,252,304
face193.jpg,443,666,face,265,263,311,307
face194.jpg,627,666,face,280,116,323,184
face195.jpg,729,483,face,348,164,451,249
face26.jpg,1356,668,face,420,228,582,420
face196.jpg,635,666,face,250,208,405,426
face197.jpg,444,666,face,204,180,259,248
face198.jpg,533,666,face,260,109,351,236
face199.jpg,445,666,face,207,76,257,144
face200.jpg,444,666,face,217,287,276,358
face201.jpg,729,486,face,241,115,317,197
face202.jpg,441,665,face,212,234,275,336
face203.jpg,729,486,face,494,76,594,217
face204.jpg,729,488,face,300,166,390,249
face205.jpg,729,484,face,206,115,450,411
face27.jpg,1456,1941,face,615,604,1359,1590
face206.jpg,444,666,face,135,155,275,345
face207.jpg,729,490,face,215,100,355,275
face208.jpg,403,666,face,151,178,264,309
face209.jpg,443,666,face,130,264,181,308
face210.jpg,627,666,face,300,116,347,186
face211.jpg,729,483,face,279,165,380,253
face212.jpg,635,666,face,225,205,388,425
face213.jpg,444,666,face,184,177,241,249
face214.jpg,533,666,face,182,110,259,233
face215.jpg,445,666,face,184,76,237,143
face28.jpg,626,417,face,252,106,376,290
face216.jpg,444,666,face,169,288,226,358
face217.jpg,729,486,face,413,113,489,196
face218.jpg,441,665,face,162,232,229,336
face219.jpg,729,486,face,132,72,235,219
face220.jpg,729,488,face,340,157,424,249
face221.jpg,729,484,face,281,121,513,412
face286.jpg,729,486,face,356,115,446,243
face286.jpg,729,486,face,454,106,541,246
face287.jpg,729,486,face,292,158,340,223
face288.jpg,445,666,face,148,119,279,349
face289.jpg,729,487,face,326,77,463,312
face29.jpg,480,480,face,210,34,350,242
face290.jpg,445,666,face,111,153,337,482
face291.jpg,729,486,face,415,61,541,246
face292.jpg,729,486,face,285,95,498,407
face293.jpg,729,630,face,314,91,405,210
face294.jpg,444,666,face,120,167,304,414
face295.jpg,444,666,face,32,67,375,491
face296.jpg,444,666,face,203,126,276,227
face297.jpg,635,666,face,249,207,413,426
face298.jpg,729,486,face,382,123,471,223
face298.jpg,729,486,face,466,45,538,144
face298.jpg,729,486,face,649,23,724,156
face299.jpg,729,486,face,268,95,462,375
face3.jpg,259,194,face,117,37,177,117
face30.jpg,640,960,face,243,167,454,500
face300.jpg,433,666,face,110,75,325,389
face301.jpg,729,650,face,306,201,404,333
face302.jpg,444,666,face,145,159,311,373
face303.jpg,729,516,face,234,103,464,400
face304.jpg,729,486,face,303,20,503,310
face305.jpg,729,486,face,287,183,401,334
face306.jpg,729,486,face,83,84,287,393
face307.jpg,445,666,face,187,146,254,240
face308.jpg,444,666,face,161,162,278,339
face309.jpg,729,486,face,288,181,464,375
face31.jpg,1084,814,face,618,1,989,376
face310.jpg,729,547,face,262,20,496,415
face311.jpg,444,666,face,88,20,361,394
face312.jpg,729,486,face,299,90,479,340
face313.jpg,445,666,face,145,105,358,398
face314.jpg,729,486,face,375,46,602,353
face315.jpg,729,486,face,272,90,513,421
face316.jpg,445,666,face,199,47,258,129
face317.jpg,475,666,face,90,107,222,354
face318.jpg,501,665,face,180,143,337,358
face319.jpg,729,594,face,390,83,581,381
face32.jpg,259,194,face,84,9,169,145
face320.jpg,729,486,face,278,168,426,380
face321.jpg,729,486,face,337,139,452,270
face322.jpg,729,486,face,294,110,502,403
face323.jpg,444,666,face,185,191,264,289
face324.jpg,533,666,face,200,192,336,375
face325.jpg,729,486,face,343,273,385,330
face326.jpg,729,486,face,333,144,440,292
face327.jpg,729,486,face,284,115,366,242
face327.jpg,729,486,face,195,105,275,249
face328.jpg,729,486,face,385,156,438,221
face329.jpg,445,666,face,165,117,303,341
face33.jpg,4000,2667,face,1614,399,2648,1769
face330.jpg,729,487,face,268,72,411,307
face331.jpg,445,666,face,111,153,337,475
face332.jpg,729,486,face,189,61,303,244
face333.jpg,729,537,face,437,91,529,221
face333.jpg,729,537,face,338,218,404,315
face333.jpg,729,537,face,197,225,262,319
face333.jpg,729,537,face,54,235,116,315
face334.jpg,729,486,face,211,83,441,433
face335.jpg,729,630,face,322,91,413,207
face336.jpg,444,666,face,137,163,313,406
face337.jpg,444,666,face,52,77,414,479
face338.jpg,444,666,face,166,125,228,229
face339.jpg,635,666,face,221,209,385,430
face34.jpg,287,176,face,101,8,189,134
face340.jpg,729,486,face,260,122,335,223
face340.jpg,729,486,face,190,41,258,145
face340.jpg,729,486,face,1,25,78,148
face341.jpg,729,486,face,260,102,460,374
face342.jpg,433,666,face,108,73,328,390
face343.jpg,729,650,face,321,204,422,333
face344.jpg,729,486,face,288,130,445,340
face345.jpg,444,666,face,136,160,303,377
face346.jpg,729,516,face,257,107,497,404
face347.jpg,729,486,face,224,24,423,311
face348.jpg,729,486,face,327,185,439,334
face349.jpg,729,486,face,436,87,649,390
face35.jpg,590,350,face,158,7,365,249
face350.jpg,445,666,face,196,142,257,234
face351.jpg,444,666,face,162,167,286,336
face352.jpg,729,486,face,262,179,442,381
face353.jpg,729,547,face,229,11,475,420
face354.jpg,444,666,face,87,20,351,388
face355.jpg,729,516,face,385,97,467,193
face356.jpg,729,486,face,249,92,426,337
face357.jpg,445,666,face,95,103,302,392
face358.jpg,729,486,face,120,41,354,356
face359.jpg,729,486,face,208,92,454,412
face36.jpg,800,600,face,455,170,556,308
face36.jpg,800,600,face,268,91,332,174
face36.jpg,800,600,face,177,156,228,207
face360.jpg,445,666,face,184,49,244,129
face361.jpg,475,666,face,246,97,387,374
face362.jpg,501,665,face,160,143,314,360
face363.jpg,729,594,face,145,79,336,379
face364.jpg,729,486,face,299,170,449,377
face365.jpg,729,486,face,276,140,392,271
face366.jpg,729,486,face,339,80,490,269
face367.jpg,729,486,face,224,113,437,417
face368.jpg,444,666,face,180,188,261,291
face369.jpg,533,666,face,194,188,331,374
face37.jpg,320,400,face,67,70,247,342
face370.jpg,729,486,face,343,276,386,332
face371.jpg,729,589,face,84,216,150,308
face371.jpg,729,589,face,284,235,348,335
face371.jpg,729,589,face,437,262,495,348
face371.jpg,729,589,face,597,286,665,375
face372.jpg,729,650,face,305,202,405,335
face373.jpg,729,486,face,318,140,454,358
face374.jpg,729,487,face,349,82,403,169
face375.jpg,729,510,face,145,64,176,111
face375.jpg,729,510,face,244,100,277,140
face375.jpg,729,510,face,360,77,386,121
face375.jpg,729,510,face,442,68,465,114
face376.jpg,729,623,face,198,70,511,511
face377.jpg,729,486,face,305,111,437,289
face378.jpg,444,666,face,183,63,351,285
face379.jpg,729,486,face,274,137,395,301
face38.jpg,634,356,face,181,1,328,206
face380.jpg,729,486,face,405,135,464,252
face380.jpg,729,486,face,327,57,387,178
face381.jpg,444,666,face,191,177,281,301
face382.jpg,729,486,face,297,90,350,159
face382.jpg,729,486,face,419,79,469,149
face382.jpg,729,486,face,501,68,548,140
face383.jpg,471,665,face,257,73,368,380
face384.jpg,729,547,face,221,129,321,269
face385.jpg,729,486,face,275,49,347,180
face386.jpg,729,486,face,324,118,382,208
face387.jpg,729,486,face,273,95,463,377
face388.jpg,729,499,face,159,153,205,221
face388.jpg,729,499,face,279,190,318,245
face388.jpg,729,499,face,397,181,434,242
face388.jpg,729,499,face,563,191,601,256
face389.jpg,729,486,face,174,119,229,181
face389.jpg,729,486,face,294,214,357,292
face389.jpg,729,486,face,374,160,441,219
face39.jpg,539,360,face,184,74,263,184
face390.jpg,729,486,face,248,110,308,193
face391.jpg,445,665,face,169,152,248,276
face392.jpg,729,486,face,411,42,483,179
face393.jpg,729,496,face,239,177,256,230
face393.jpg,729,496,face,268,192,293,229
face393.jpg,729,496,face,383,189,413,230
face393.jpg,729,496,face,504,175,533,219
face394.jpg,729,486,face,430,120,562,315
face395.jpg,729,486,face,471,148,518,238
face396.jpg,729,486,face,101,125,141,222
face396.jpg,729,486,face,240,82,301,179
face396.jpg,729,486,face,468,52,517,143
face396.jpg,729,486,face,587,133,634,222
face397.jpg,729,487,face,360,182,391,241
face397.jpg,729,487,face,190,123,228,178
face398.jpg,729,486,face,268,45,425,268
face399.jpg,729,486,face,119,140,167,231
face399.jpg,729,486,face,210,215,256,284
face399.jpg,729,486,face,382,188,441,267
face4.jpg,259,194,face,114,40,166,119
face40.jpg,300,168,face,80,1,230,167
face400.jpg,729,642,face,240,101,461,402
face401.jpg,729,630,face,317,92,405,207
face402.jpg,445,665,face,208,141,265,232
face403.jpg,729,486,face,304,60,362,143
face404.jpg,444,666,face,184,83,292,239
face405.jpg,729,529,face,95,114,185,231
face405.jpg,729,529,face,276,42,356,171
face405.jpg,729,529,face,477,16,554,132
face405.jpg,729,529,face,616,129,688,237
face406.jpg,729,468,face,61,214,98,264
face406.jpg,729,468,face,258,205,293,245
face406.jpg,729,468,face,392,169,430,218
face406.jpg,729,468,face,584,177,619,226
face407.jpg,729,486,face,324,103,427,265
face408.jpg,729,423,face,301,107,432,289
face409.jpg,729,486,face,158,230,185,269
face409.jpg,729,486,face,220,243,246,282
face409.jpg,729,486,face,314,233,341,273
face409.jpg,729,486,face,407,236,434,278
face409.jpg,729,486,face,227,136,250,170
face409.jpg,729,486,face,390,175,413,206
face409.jpg,729,486,face,465,127,490,165
face41.jpg,183,275,face,43,39,159,201
face410.jpg,729,486,face,334,260,380,318
face410.jpg,729,486,face,434,220,463,279
face410.jpg,729,486,face,491,216,537,276
face410.jpg,729,486,face,589,184,634,247
face411.jpg,729,486,face,352,82,487,273
face412.jpg,729,487,face,319,65,406,193
face413.jpg,729,486,face,291,183,401,334
face414.jpg,457,666,face,167,307,244,426
face415.jpg,729,486,face,308,79,460,273
face416.jpg,635,666,face,248,206,411,428
face417.jpg,729,486,face,421,114,480,194
face418.jpg,729,486,face,296,81,427,300
face419.jpg,729,486,face,216,92,324,239
face42.jpg,700,499,face,388,169,480,300
face420.jpg,729,486,face,366,100,391,141
face421.jpg,729,625,face,292,400,388,540
face421.jpg,729,625,face,438,373,554,488
face421.jpg,729,625,face,458,203,585,320
face421.jpg,729,625,face,173,253,322,357
face421.jpg,729,625,face,275,63,387,181
face422.jpg,729,486,face,304,170,392,297
face422.jpg,729,486,face,596,48,717,240
face423.jpg,729,431,face,107,138,139,180
face423.jpg,729,431,face,256,197,286,236
face423.jpg,729,431,face,385,192,416,237
face423.jpg,729,431,face,581,170,614,217
face424.jpg,729,486,face,128,178,170,232
face424.jpg,729,486,face,227,224,259,263
face424.jpg,729,486,face,304,229,338,275
face424.jpg,729,486,face,392,222,426,265
face424.jpg,729,486,face,489,215,524,261
face424.jpg,729,486,face,566,201,600,248
face425.jpg,729,486,face,369,61,472,219
face426.jpg,729,486,face,475,90,526,164
face427.jpg,729,486,face,400,139,480,271
face428.jpg,443,666,face,162,108,314,318
face429.jpg,445,666,face,176,92,246,183
face43.jpg,247,204,face,62,1,198,182
face430.jpg,445,666,face,180,287,224,349
face431.jpg,666,666,face,268,135,415,332
face432.jpg,729,515,face,135,170,197,224
face432.jpg,729,515,face,228,237,280,316
face432.jpg,729,515,face,308,187,357,273
face432.jpg,729,515,face,395,232,452,308
face433.jpg,729,486,face,301,100,367,213
face434.jpg,729,486,face,337,102,483,288
face435.jpg,729,487,face,422,94,551,249
face436.jpg,443,666,face,156,53,286,253
face437.jpg,729,486,face,334,163,387,228
face437.jpg,729,486,face,537,126,588,200
face437.jpg,729,486,face,132,142,176,221
face438.jpg,729,486,face,325,122,407,227
face371.jpg,729,589,face,84,216,150,308
face371.jpg,729,589,face,284,235,348,335
face371.jpg,729,589,face,437,262,495,348
face371.jpg,729,589,face,597,286,665,375
face44.jpg,1900,1520,face,911,536,1158,882
face44.jpg,1900,1520,face,663,581,899,853
face44.jpg,1900,1520,face,199,338,579,845
face372.jpg,729,650,face,305,202,405,335
face373.jpg,729,486,face,318,140,454,358
face374.jpg,729,487,face,349,82,403,169
face375.jpg,729,510,face,145,64,176,111
face375.jpg,729,510,face,244,100,277,140
face375.jpg,729,510,face,360,77,386,121
face375.jpg,729,510,face,442,68,465,114
face376.jpg,729,623,face,198,70,511,511
face377.jpg,729,486,face,305,111,437,289
face378.jpg,444,666,face,183,63,351,285
face379.jpg,729,486,face,274,137,395,301
face380.jpg,729,486,face,405,135,464,252
face380.jpg,729,486,face,327,57,387,178
face381.jpg,444,666,face,191,177,281,301
face45.jpg,1280,720,face,454,291,648,581
face382.jpg,729,486,face,297,90,350,159
face382.jpg,729,486,face,419,79,469,149
face382.jpg,729,486,face,501,68,548,140
face383.jpg,471,665,face,257,73,368,380
face384.jpg,729,547,face,221,129,321,269
face385.jpg,729,486,face,275,49,347,180
face386.jpg,729,486,face,324,118,382,208
face387.jpg,729,486,face,273,95,463,377
face388.jpg,729,499,face,159,153,205,221
face388.jpg,729,499,face,279,190,318,245
face388.jpg,729,499,face,397,181,434,242
face388.jpg,729,499,face,563,191,601,256
face389.jpg,729,486,face,174,119,229,181
face389.jpg,729,486,face,294,214,357,292
face389.jpg,729,486,face,374,160,441,219
face390.jpg,729,486,face,248,110,308,193
face391.jpg,445,665,face,169,152,248,276
face46.jpg,635,445,face,306,194,418,317
face392.jpg,729,486,face,411,42,483,179
face393.jpg,729,496,face,239,177,256,230
face393.jpg,729,496,face,268,192,293,229
face393.jpg,729,496,face,383,189,413,230
face393.jpg,729,496,face,504,175,533,219
face394.jpg,729,486,face,430,120,562,315
face395.jpg,729,486,face,471,148,518,238
face396.jpg,729,486,face,101,125,141,222
face396.jpg,729,486,face,240,82,301,179
face396.jpg,729,486,face,468,52,517,143
face396.jpg,729,486,face,587,133,634,222
face397.jpg,729,487,face,360,182,391,241
face397.jpg,729,487,face,190,123,228,178
face398.jpg,729,486,face,268,45,425,268
face399.jpg,729,486,face,119,140,167,231
face399.jpg,729,486,face,210,215,256,284
face399.jpg,729,486,face,382,188,441,267
face400.jpg,729,642,face,240,101,461,402
face401.jpg,729,630,face,317,92,405,207
face47.jpg,287,176,face,94,4,182,133
face402.jpg,445,665,face,208,141,265,232
face403.jpg,729,486,face,304,60,362,143
face404.jpg,444,666,face,184,83,292,239
face405.jpg,729,529,face,95,114,185,231
face405.jpg,729,529,face,276,42,356,171
face405.jpg,729,529,face,477,16,554,132
face405.jpg,729,529,face,616,129,688,237
face406.jpg,729,468,face,61,214,98,264
face406.jpg,729,468,face,258,205,293,245
face406.jpg,729,468,face,392,169,430,218
face406.jpg,729,468,face,584,177,619,226
face407.jpg,729,486,face,324,103,427,265
face408.jpg,729,423,face,301,107,432,289
face409.jpg,729,486,face,158,230,185,269
face409.jpg,729,486,face,220,243,246,282
face409.jpg,729,486,face,314,233,341,273
face409.jpg,729,486,face,407,236,434,278
face409.jpg,729,486,face,227,136,250,170
face409.jpg,729,486,face,390,175,413,206
face409.jpg,729,486,face,465,127,490,165
face410.jpg,729,486,face,334,260,380,318
face410.jpg,729,486,face,434,220,463,279
face410.jpg,729,486,face,491,216,537,276
face410.jpg,729,486,face,589,184,634,247
face411.jpg,729,486,face,352,82,487,273
face48.jpg,1280,720,face,633,290,801,577
face412.jpg,729,487,face,319,65,406,193
face413.jpg,729,486,face,291,183,401,334
face414.jpg,457,666,face,167,307,244,426
face415.jpg,729,486,face,308,79,460,273
face416.jpg,635,666,face,248,206,411,428
face417.jpg,729,486,face,421,114,480,194
face418.jpg,729,486,face,296,81,427,300
face419.jpg,729,486,face,216,92,324,239
face420.jpg,729,486,face,366,100,391,141
face421.jpg,729,625,face,292,400,388,540
face421.jpg,729,625,face,438,373,554,488
face421.jpg,729,625,face,458,203,585,320
face421.jpg,729,625,face,173,253,322,357
face421.jpg,729,625,face,275,63,387,181
face49.jpg,290,174,face,175,43,217,103
face422.jpg,729,486,face,304,170,392,297
face422.jpg,729,486,face,596,48,717,240
face423.jpg,729,431,face,107,138,139,180
face423.jpg,729,431,face,256,197,286,236
face423.jpg,729,431,face,385,192,416,237
face423.jpg,729,431,face,581,170,614,217
face424.jpg,729,486,face,128,178,170,232
face424.jpg,729,486,face,227,224,259,263
face424.jpg,729,486,face,304,229,338,275
face424.jpg,729,486,face,392,222,426,265
face424.jpg,729,486,face,489,215,524,261
face424.jpg,729,486,face,566,201,600,248
face425.jpg,729,486,face,369,61,472,219
face426.jpg,729,486,face,475,90,526,164
face427.jpg,729,486,face,400,139,480,271
face428.jpg,443,666,face,162,108,314,318
face429.jpg,445,666,face,176,92,246,183
face430.jpg,445,666,face,180,287,224,349
face431.jpg,666,666,face,268,135,415,332
face5.jpg,300,168,face,13,22,113,159
face5.jpg,300,168,face,163,56,226,135
face50.jpg,620,410,face,204,88,339,300
face432.jpg,729,515,face,135,170,197,224
face432.jpg,729,515,face,228,237,280,316
face432.jpg,729,515,face,308,187,357,273
face432.jpg,729,515,face,395,232,452,308
face433.jpg,729,486,face,301,100,367,213
face434.jpg,729,486,face,337,102,483,288
face435.jpg,729,487,face,422,94,551,249
face436.jpg,443,666,face,156,53,286,253
face437.jpg,729,486,face,334,163,387,228
face437.jpg,729,486,face,537,126,588,200
face437.jpg,729,486,face,132,142,176,221
face438.jpg,729,486,face,325,122,407,227
face371.jpg,729,589,face,84,216,150,308
face371.jpg,729,589,face,284,235,348,335
face371.jpg,729,589,face,437,262,495,348
face371.jpg,729,589,face,597,286,665,375
face372.jpg,729,650,face,305,202,405,335
face373.jpg,729,486,face,318,140,454,358
face51.jpg,225,225,face,69,49,156,177
face374.jpg,729,487,face,349,82,403,169
face375.jpg,729,510,face,145,64,176,111
face375.jpg,729,510,face,244,100,277,140
face375.jpg,729,510,face,360,77,386,121
face375.jpg,729,510,face,442,68,465,114
face376.jpg,729,623,face,198,70,511,511
face377.jpg,729,486,face,305,111,437,289
face378.jpg,444,666,face,183,63,351,285
face379.jpg,729,486,face,274,137,395,301
face380.jpg,729,486,face,405,135,464,252
face380.jpg,729,486,face,327,57,387,178
face381.jpg,444,666,face,191,177,281,301
face382.jpg,729,486,face,297,90,350,159
face382.jpg,729,486,face,419,79,469,149
face382.jpg,729,486,face,501,68,548,140
face383.jpg,471,665,face,257,73,368,380
face52.jpg,275,183,face,135,45,180,114
face384.jpg,729,547,face,221,129,321,269
face385.jpg,729,486,face,275,49,347,180
face386.jpg,729,486,face,324,118,382,208
face387.jpg,729,486,face,273,95,463,377
face388.jpg,729,499,face,159,153,205,221
face388.jpg,729,499,face,279,190,318,245
face388.jpg,729,499,face,397,181,434,242
face388.jpg,729,499,face,563,191,601,256
face389.jpg,729,486,face,174,119,229,181
face389.jpg,729,486,face,294,214,357,292
face389.jpg,729,486,face,374,160,441,219
face390.jpg,729,486,face,248,110,308,193
face391.jpg,445,665,face,169,152,248,276
face392.jpg,729,486,face,411,42,483,179
face393.jpg,729,496,face,239,177,256,230
face393.jpg,729,496,face,268,192,293,229
face393.jpg,729,496,face,383,189,413,230
face393.jpg,729,496,face,504,175,533,219
face53.jpg,275,183,face,119,42,160,104
face394.jpg,729,486,face,430,120,562,315
face395.jpg,729,486,face,471,148,518,238
face396.jpg,729,486,face,101,125,141,222
face396.jpg,729,486,face,240,82,301,179
face396.jpg,729,486,face,468,52,517,143
face396.jpg,729,486,face,587,133,634,222
face397.jpg,729,487,face,360,182,391,241
face397.jpg,729,487,face,190,123,228,178
face398.jpg,729,486,face,268,45,425,268
face399.jpg,729,486,face,119,140,167,231
face399.jpg,729,486,face,210,215,256,284
face399.jpg,729,486,face,382,188,441,267
face400.jpg,729,642,face,240,101,461,402
face401.jpg,729,630,face,317,92,405,207
face402.jpg,445,665,face,208,141,265,232
face403.jpg,729,486,face,304,60,362,143
face54.jpg,259,194,face,84,40,141,116
face404.jpg,444,666,face,184,83,292,239
face405.jpg,729,529,face,95,114,185,231
face405.jpg,729,529,face,276,42,356,171
face405.jpg,729,529,face,477,16,554,132
face405.jpg,729,529,face,616,129,688,237
face406.jpg,729,468,face,61,214,98,264
face406.jpg,729,468,face,258,205,293,245
face406.jpg,729,468,face,392,169,430,218
face406.jpg,729,468,face,584,177,619,226
face407.jpg,729,486,face,324,103,427,265
face408.jpg,729,423,face,301,107,432,289
face409.jpg,729,486,face,158,230,185,269
face409.jpg,729,486,face,220,243,246,282
face409.jpg,729,486,face,314,233,341,273
face409.jpg,729,486,face,407,236,434,278
face409.jpg,729,486,face,227,136,250,170
face409.jpg,729,486,face,390,175,413,206
face409.jpg,729,486,face,465,127,490,165
face410.jpg,729,486,face,334,260,380,318
face410.jpg,729,486,face,434,220,463,279
face410.jpg,729,486,face,491,216,537,276
face410.jpg,729,486,face,589,184,634,247
face411.jpg,729,486,face,352,82,487,273
face412.jpg,729,487,face,319,65,406,193
face413.jpg,729,486,face,291,183,401,334
face55.jpg,259,194,face,94,40,145,121
face414.jpg,457,666,face,167,307,244,426
face415.jpg,729,486,face,308,79,460,273
face416.jpg,635,666,face,248,206,411,428
face417.jpg,729,486,face,421,114,480,194
face418.jpg,729,486,face,296,81,427,300
face419.jpg,729,486,face,216,92,324,239
face420.jpg,729,486,face,366,100,391,141
face421.jpg,729,625,face,292,400,388,540
face421.jpg,729,625,face,438,373,554,488
face421.jpg,729,625,face,458,203,585,320
face421.jpg,729,625,face,173,253,322,357
face421.jpg,729,625,face,275,63,387,181
face422.jpg,729,486,face,304,170,392,297
face422.jpg,729,486,face,596,48,717,240
face423.jpg,729,431,face,107,138,139,180
face423.jpg,729,431,face,256,197,286,236
face423.jpg,729,431,face,385,192,416,237
face423.jpg,729,431,face,581,170,614,217
face56.jpg,290,174,face,73,44,115,104
face424.jpg,729,486,face,128,178,170,232
face424.jpg,729,486,face,227,224,259,263
face424.jpg,729,486,face,304,229,338,275
face424.jpg,729,486,face,392,222,426,265
face424.jpg,729,486,face,489,215,524,261
face424.jpg,729,486,face,566,201,600,248
face425.jpg,729,486,face,369,61,472,219
face426.jpg,729,486,face,475,90,526,164
face427.jpg,729,486,face,400,139,480,271
face428.jpg,443,666,face,162,108,314,318
face429.jpg,445,666,face,176,92,246,183
face430.jpg,445,666,face,180,287,224,349
face431.jpg,666,666,face,268,135,415,332
face432.jpg,729,515,face,135,170,197,224
face432.jpg,729,515,face,228,237,280,316
face432.jpg,729,515,face,308,187,357,273
face432.jpg,729,515,face,395,232,452,308
face433.jpg,729,486,face,301,100,367,213
face57.jpg,300,168,face,186,22,277,159
face57.jpg,300,168,face,74,55,133,135
face434.jpg,729,486,face,337,102,483,288
face435.jpg,729,487,face,422,94,551,249
face436.jpg,443,666,face,156,53,286,253
face437.jpg,729,486,face,334,163,387,228
face437.jpg,729,486,face,537,126,588,200
face437.jpg,729,486,face,132,142,176,221
face438.jpg,729,486,face,325,122,407,227
face222.jpg,444,666,face,166,155,308,344
face576.jpg,729,479,face,271,62,319,126
face576.jpg,729,479,face,433,70,479,135
face577.jpg,729,430,face,175,149,261,248
face577.jpg,729,430,face,342,92,432,185
face577.jpg,729,430,face,503,170,597,268
face578.jpg,729,499,face,164,155,205,220
face578.jpg,729,499,face,278,191,313,244
face578.jpg,729,499,face,397,185,427,242
face578.jpg,729,499,face,565,196,596,255
face579.jpg,465,666,face,164,108,215,180
face579.jpg,465,666,face,289,105,343,172
face58.jpg,284,177,face,113,49,164,127
face580.jpg,729,502,face,138,253,223,347
face580.jpg,729,502,face,445,157,522,299
face581.jpg,666,666,face,220,244,312,342
face581.jpg,666,666,face,416,154,508,279
face582.jpg,729,486,face,327,114,432,254
face582.jpg,729,486,face,278,358,353,478
face583.jpg,729,486,face,371,102,445,171
face583.jpg,729,486,face,435,149,498,231
face584.jpg,729,516,face,325,86,395,196
face584.jpg,729,516,face,459,207,536,291
face585.jpg,729,496,face,92,136,215,252
face585.jpg,729,496,face,399,215,541,386
face586.jpg,729,587,face,141,103,245,220
face586.jpg,729,587,face,519,134,617,255
face587.jpg,500,700,face,100,111,382,531
face588.jpg,625,938,face,184,124,459,537
face589.jpg,435,594,face,139,99,279,318
face59.jpg,275,183,face,95,18,151,101
face590.jpg,700,795,face,130,159,504,721
face591.jpg,900,1200,face,209,215,679,876
face592.jpg,1080,1080,face,506,269,936,731
face593.jpg,729,479,face,249,71,295,135
face593.jpg,729,479,face,411,63,457,127
face594.jpg,729,430,face,129,171,225,266
face594.jpg,729,430,face,297,92,383,187
face594.jpg,729,430,face,469,149,554,246
face595.jpg,729,499,face,123,191,164,255
face595.jpg,729,499,face,295,180,334,244
face595.jpg,729,499,face,410,190,453,246
face595.jpg,729,499,face,523,154,570,221
face596.jpg,465,666,face,121,104,176,170
face596.jpg,465,666,face,250,111,301,178
face597.jpg,729,502,face,211,158,285,300
face597.jpg,729,502,face,505,254,590,347
face598.jpg,666,666,face,157,151,245,277
face598.jpg,666,666,face,355,244,446,342
face599.jpg,729,486,face,297,113,401,252
face599.jpg,729,486,face,376,360,459,478
face6.jpg,284,177,face,118,49,170,129
face60.jpg,275,183,face,124,28,181,110
face600.jpg,729,486,face,286,107,357,171
face600.jpg,729,486,face,238,147,294,230
face601.jpg,729,516,face,331,89,406,198
face601.jpg,729,516,face,194,209,267,286
face602.jpg,729,496,face,190,216,323,386
face602.jpg,729,496,face,517,137,627,257
face603.jpg,729,587,face,491,104,590,222
face603.jpg,729,587,face,108,140,210,256
face604.jpg,500,700,face,112,113,401,531
face605.jpg,625,938,face,157,123,438,537
face606.jpg,435,594,face,160,100,292,317
face607.jpg,700,795,face,188,153,567,717
face608.jpg,900,1200,face,229,199,697,876
face609.jpg,1080,1080,face,152,262,576,734
face61.jpg,194,259,face,40,41,118,161
face576.jpg,729,479,face,271,62,319,126
face576.jpg,729,479,face,433,70,479,135
face577.jpg,729,430,face,175,149,261,248
face577.jpg,729,430,face,342,92,432,185
face577.jpg,729,430,face,503,170,597,268
face578.jpg,729,499,face,164,155,205,220
face578.jpg,729,499,face,278,191,313,244
face578.jpg,729,499,face,397,185,427,242
face578.jpg,729,499,face,565,196,596,255
face579.jpg,465,666,face,164,108,215,180
face579.jpg,465,666,face,289,105,343,172
face580.jpg,729,502,face,138,253,223,347
face580.jpg,729,502,face,445,157,522,299
face581.jpg,666,666,face,220,244,312,342
face581.jpg,666,666,face,416,154,508,279
face582.jpg,729,486,face,327,114,432,254
face582.jpg,729,486,face,278,358,353,478
face583.jpg,729,486,face,371,102,445,171
face583.jpg,729,486,face,435,149,498,231
face584.jpg,729,516,face,325,86,395,196
face584.jpg,729,516,face,459,207,536,291
face585.jpg,729,496,face,92,136,215,252
face585.jpg,729,496,face,399,215,541,386
face62.jpg,294,235,face,117,33,216,169
face586.jpg,729,587,face,141,103,245,220
face586.jpg,729,587,face,519,134,617,255
face587.jpg,500,700,face,100,111,382,531
face588.jpg,625,938,face,184,124,459,537
face589.jpg,435,594,face,139,99,279,318
face590.jpg,700,795,face,130,159,504,721
face591.jpg,900,1200,face,209,215,679,876
face592.jpg,1080,1080,face,506,269,936,731
face593.jpg,729,479,face,249,71,295,135
face593.jpg,729,479,face,411,63,457,127
face594.jpg,729,430,face,129,171,225,266
face594.jpg,729,430,face,297,92,383,187
face594.jpg,729,430,face,469,149,554,246
face595.jpg,729,499,face,123,191,164,255
face595.jpg,729,499,face,295,180,334,244
face595.jpg,729,499,face,410,190,453,246
face595.jpg,729,499,face,523,154,570,221
face63.jpg,300,168,face,138,33,176,75
face596.jpg,465,666,face,121,104,176,170
face596.jpg,465,666,face,250,111,301,178
face597.jpg,729,502,face,211,158,285,300
face597.jpg,729,502,face,505,254,590,347
face598.jpg,666,666,face,157,151,245,277
face598.jpg,666,666,face,355,244,446,342
face599.jpg,729,486,face,297,113,401,252
face599.jpg,729,486,face,376,360,459,478
face600.jpg,729,486,face,286,107,357,171
face600.jpg,729,486,face,238,147,294,230
face601.jpg,729,516,face,331,89,406,198
face601.jpg,729,516,face,194,209,267,286
face602.jpg,729,496,face,190,216,323,386
face602.jpg,729,496,face,517,137,627,257
face603.jpg,729,587,face,491,104,590,222
face603.jpg,729,587,face,108,140,210,256
face604.jpg,500,700,face,112,113,401,531
face605.jpg,625,938,face,157,123,438,537
face64.jpg,198,254,face,46,62,154,223
face606.jpg,435,594,face,160,100,292,317
face607.jpg,700,795,face,188,153,567,717
face608.jpg,900,1200,face,229,199,697,876
face609.jpg,1080,1080,face,152,262,576,734
face576.jpg,729,479,face,271,62,319,126
face576.jpg,729,479,face,433,70,479,135
face577.jpg,729,430,face,175,149,261,248
face577.jpg,729,430,face,342,92,432,185
face577.jpg,729,430,face,503,170,597,268
face578.jpg,729,499,face,164,155,205,220
face578.jpg,729,499,face,278,191,313,244
face578.jpg,729,499,face,397,185,427,242
face578.jpg,729,499,face,565,196,596,255
face579.jpg,465,666,face,164,108,215,180
face579.jpg,465,666,face,289,105,343,172
face580.jpg,729,502,face,138,253,223,347
face580.jpg,729,502,face,445,157,522,299
face581.jpg,666,666,face,220,244,312,342
face581.jpg,666,666,face,416,154,508,279
face65.jpg,275,183,face,104,50,175,135
face582.jpg,729,486,face,327,114,432,254
face582.jpg,729,486,face,278,358,353,478
face583.jpg,729,486,face,371,102,445,171
face583.jpg,729,486,face,435,149,498,231
face584.jpg,729,516,face,325,86,395,196
face584.jpg,729,516,face,459,207,536,291
face585.jpg,729,496,face,92,136,215,252
face585.jpg,729,496,face,399,215,541,386
face586.jpg,729,587,face,141,103,245,220
face586.jpg,729,587,face,519,134,617,255
face587.jpg,500,700,face,100,111,382,531
face588.jpg,625,938,face,184,124,459,537
face589.jpg,435,594,face,139,99,279,318
face590.jpg,700,795,face,130,159,504,721
face591.jpg,900,1200,face,209,215,679,876
face66.jpg,259,194,face,103,25,150,100
face592.jpg,1080,1080,face,506,269,936,731
face593.jpg,729,479,face,249,71,295,135
face593.jpg,729,479,face,411,63,457,127
face594.jpg,729,430,face,129,171,225,266
face594.jpg,729,430,face,297,92,383,187
face594.jpg,729,430,face,469,149,554,246
face595.jpg,729,499,face,123,191,164,255
face595.jpg,729,499,face,295,180,334,244
face595.jpg,729,499,face,410,190,453,246
face595.jpg,729,499,face,523,154,570,221
face596.jpg,465,666,face,121,104,176,170
face596.jpg,465,666,face,250,111,301,178
face597.jpg,729,502,face,211,158,285,300
face597.jpg,729,502,face,505,254,590,347
face598.jpg,666,666,face,157,151,245,277
face598.jpg,666,666,face,355,244,446,342
face599.jpg,729,486,face,297,113,401,252
face599.jpg,729,486,face,376,360,459,478
face600.jpg,729,486,face,286,107,357,171
face600.jpg,729,486,face,238,147,294,230
face601.jpg,729,516,face,331,89,406,198
face601.jpg,729,516,face,194,209,267,286
face67.jpg,620,410,face,284,88,425,294
face602.jpg,729,496,face,190,216,323,386
face602.jpg,729,496,face,517,137,627,257
face603.jpg,729,587,face,491,104,590,222
face603.jpg,729,587,face,108,140,210,256
face604.jpg,500,700,face,112,113,401,531
face605.jpg,625,938,face,157,123,438,537
face606.jpg,435,594,face,160,100,292,317
face607.jpg,700,795,face,188,153,567,717
face608.jpg,900,1200,face,229,199,697,876
face609.jpg,1080,1080,face,152,262,576,734
face241.jpg,444,666,face,131,101,338,397
face242.jpg,444,666,face,149,185,254,348
face68.jpg,183,275,face,40,27,134,163
face243.jpg,729,465,face,170,97,246,200
face243.jpg,729,465,face,268,194,323,271
face243.jpg,729,465,face,383,199,436,269
face243.jpg,729,465,face,498,211,550,273
face243.jpg,729,465,face,591,184,645,246
face244.jpg,729,486,face,327,87,545,369
face245.jpg,444,666,face,97,116,372,560
face246.jpg,444,666,face,185,88,274,215
face247.jpg,729,486,face,108,95,337,376
face248.jpg,444,666,face,160,115,441,534
face249.jpg,444,666,face,144,184,348,468
face250.jpg,533,666,face,207,223,327,383
face251.jpg,444,666,face,103,208,316,542
face252.jpg,451,666,face,212,257,328,451
face69.jpg,300,168,face,126,19,178,98
face253.jpg,729,486,face,323,153,393,256
face254.jpg,729,486,face,188,134,360,346
face254.jpg,729,486,face,404,183,551,398
face254.jpg,729,486,face,573,147,718,356
face254.jpg,729,486,face,316,31,427,166
face255.jpg,444,666,face,193,254,275,376
face256.jpg,729,486,face,187,110,313,263
face257.jpg,445,666,face,99,137,202,288
face257.jpg,445,666,face,223,129,313,251
face258.jpg,533,666,face,58,2,474,552
face259.jpg,444,666,face,102,199,255,425
face260.jpg,445,666,face,111,178,335,477
face261.jpg,729,486,face,175,63,308,272
face262.jpg,533,666,face,117,86,356,444
face7.jpg,275,183,face,124,20,181,102
face70.jpg,275,183,face,114,36,165,115
face263.jpg,444,666,face,180,266,256,417
face264.jpg,444,666,face,76,156,349,474
face265.jpg,729,486,face,261,137,426,359
face266.jpg,573,666,face,203,103,323,268
face267.jpg,533,666,face,200,127,343,350
face268.jpg,443,666,face,160,160,331,336
face269.jpg,445,666,face,133,194,308,436
face270.jpg,471,666,face,176,109,293,290
face271.jpg,729,623,face,219,58,529,508
face272.jpg,729,486,face,217,37,499,422
face71.jpg,224,225,face,68,34,145,134
face273.jpg,729,467,face,252,124,468,414
face274.jpg,444,666,face,169,86,291,246
face275.jpg,444,666,face,175,250,316,439
face276.jpg,729,486,face,367,149,432,233
face277.jpg,444,666,face,145,229,279,417
face278.jpg,729,643,face,268,103,489,402
face279.jpg,443,666,face,128,106,279,312
face280.jpg,729,486,face,304,46,462,265
face281.jpg,445,666,face,196,153,278,276
face282.jpg,444,666,face,157,109,273,255
face72.jpg,375,399,face,113,195,237,368
face283.jpg,729,486,face,275,87,418,282
face284.jpg,444,666,face,155,157,214,230
face285.jpg,445,666,face,130,179,309,444
face231.jpg,729,486,face,251,100,382,282
face231.jpg,729,486,face,402,1,573,196
face232.jpg,729,486,face,282,103,379,219
face233.jpg,729,486,face,279,114,423,312
face234.jpg,533,666,face,162,201,317,356
face235.jpg,729,467,face,215,6,489,442
face236.jpg,444,666,face,176,166,287,306
face237.jpg,444,666,face,140,104,272,273
face73.jpg,960,1280,face,382,256,712,761
face238.jpg,533,666,face,193,181,332,374
face239.jpg,444,666,face,125,87,313,363
face240.jpg,444,666,face,176,187,262,291
face221.jpg,729,486,face,237,184,323,299
face221.jpg,729,486,face,327,148,412,268
face222.jpg,729,486,face,265,168,401,358
face223.jpg,729,486,face,218,29,501,431
face224.jpg,515,666,face,152,311,235,418
face225.jpg,729,486,face,235,81,323,218
face226.jpg,729,486,face,313,71,454,265
face226.jpg,729,486,face,70,52,226,259
face227.jpg,445,666,face,62,164,200,326
face74.jpg,285,175,face,149,26,238,150
face228.jpg,729,486,face,205,193,271,282
face228.jpg,729,486,face,324,165,373,273
face229.jpg,729,486,face,188,119,303,322
face230.jpg,444,666,face,143,267,300,451
face743.jpg,445,665,face,110,182,332,493
face744.jpg,533,665,face,209,89,304,222
face745.jpg,533,665,face,99,18,432,511
face746.jpg,480,320,face,237,80,315,199
face747.jpg,729,486,face,311,2,617,425
face748.jpg,665,665,face,229,208,489,541
face749.jpg,729,486,face,379,41,605,354
face75.jpg,259,194,face,95,54,152,145
face750.jpg,729,487,face,269,83,375,210
face751.jpg,419,629,face,160,199,253,333
face752.jpg,471,628,face,162,27,341,278
face753.jpg,445,665,face,110,181,336,497
face754.jpg,533,665,face,229,87,325,223
face755.jpg,533,665,face,118,9,438,510
face756.jpg,480,320,face,167,81,244,198
face757.jpg,729,486,face,115,30,423,427
face758.jpg,665,665,face,178,210,435,540
face759.jpg,729,486,face,130,38,354,354
face76.jpg,618,410,face,291,61,476,273
face760.jpg,729,487,face,350,84,461,213
face761.jpg,419,629,face,166,198,259,335
face762.jpg,471,628,face,125,26,308,278
face743.jpg,445,665,face,110,182,332,493
face744.jpg,533,665,face,209,89,304,222
face745.jpg,533,665,face,99,18,432,511
face746.jpg,480,320,face,237,80,315,199
face747.jpg,729,486,face,311,2,617,425
face748.jpg,665,665,face,229,208,489,541
face749.jpg,729,486,face,379,41,605,354
face77.jpg,1356,668,face,773,239,920,421
face750.jpg,729,487,face,269,83,375,210
face751.jpg,419,629,face,160,199,253,333
face752.jpg,471,628,face,162,27,341,278
face753.jpg,445,665,face,110,181,336,497
face754.jpg,533,665,face,229,87,325,223
face755.jpg,533,665,face,118,9,438,510
face756.jpg,480,320,face,167,81,244,198
face757.jpg,729,486,face,115,30,423,427
face758.jpg,665,665,face,178,210,435,540
face759.jpg,729,486,face,130,38,354,354
face78.jpg,225,225,face,70,49,157,178
face760.jpg,729,487,face,350,84,461,213
face761.jpg,419,629,face,166,198,259,335
face762.jpg,471,628,face,125,26,308,278
face743.jpg,445,665,face,110,182,332,493
face744.jpg,533,665,face,209,89,304,222
face745.jpg,533,665,face,99,18,432,511
face746.jpg,480,320,face,237,80,315,199
face747.jpg,729,486,face,311,2,617,425
face748.jpg,665,665,face,229,208,489,541
face749.jpg,729,486,face,379,41,605,354
face79.jpg,1456,1941,face,87,608,835,1584
face750.jpg,729,487,face,269,83,375,210
face751.jpg,419,629,face,160,199,253,333
face752.jpg,471,628,face,162,27,341,278
face753.jpg,445,665,face,110,181,336,497
face754.jpg,533,665,face,229,87,325,223
face755.jpg,533,665,face,118,9,438,510
face756.jpg,480,320,face,167,81,244,198
face757.jpg,729,486,face,115,30,423,427
face758.jpg,665,665,face,178,210,435,540
face759.jpg,729,486,face,130,38,354,354
face8.jpg,275,183,face,92,28,153,112
face80.jpg,626,417,face,247,110,371,291
face760.jpg,729,487,face,350,84,461,213
face81.jpg,480,480,face,132,36,268,241
face82.jpg,640,960,face,186,169,405,494
face83.jpg,1084,814,face,95,1,468,375
face84.jpg,259,194,face,88,10,176,140
face85.jpg,4000,2667,face,1334,419,2392,1794
face86.jpg,590,350,face,222,6,420,248
face87.jpg,800,600,face,246,170,345,306
face87.jpg,800,600,face,468,90,529,175
face87.jpg,800,600,face,572,155,621,208
face88.jpg,320,400,face,68,70,255,342
face89.jpg,275,183,face,95,45,141,113
face9.jpg,194,259,face,74,42,153,162
face90.jpg,634,356,face,303,1,453,205
face91.jpg,539,360,face,275,75,351,182
face92.jpg,300,168,face,66,1,220,168
face93.jpg,183,275,face,25,40,135,200
face94.jpg,700,499,face,220,172,313,298
face95.jpg,444,666,face,178,193,254,281
face96.jpg,444,666,face,170,74,262,216
face97.jpg,431,665,face,222,192,279,264
face98.jpg,445,665,face,200,82,343,232
face99.jpg,533,666,face,199,226,352,427
